batch_id,recipient_id,status,sent_at,opened_at,replied_at,bounced_at
9,1,sent,2026-05-21T16:16:21.645565,,,
9,2,sent,2026-05-21T16:17:23.317794,,,
9,3,sent,2026-05-21T16:18:23.979585,,,
9,4,sent,2026-05-21T16:19:25.702905,,,
9,5,sent,2026-05-21T16:20:26.265525,,,
9,6,sent,2026-05-21T16:21:28.120880,,,
9,7,sent,2026-05-21T16:22:28.818687,,,
9,8,sent,2026-05-21T16:24:07.735051,,,
9,9,sent,2026-05-21T16:25:08.717611,,,
9,10,sent,2026-05-21T16:26:09.860976,,,
9,11,sent,2026-05-21T16:27:10.462521,,,
9,12,sent,2026-05-21T16:55:40.954450,,,
9,13,sent,2026-05-21T16:57:00.448467,,,
9,14,sent,2026-05-21T16:58:02.135005,,,
9,15,sent,2026-05-21T16:59:03.329525,,,
9,16,sent,2026-05-21T17:00:03.985391,,,
9,17,sent,2026-05-21T17:01:05.067666,,,
9,19,sent,2026-05-21T17:02:05.744574,,,
9,20,sent,2026-05-21T17:03:06.891149,,,
9,21,sent,2026-05-21T17:04:07.996998,,,
9,22,sent,2026-05-21T17:05:09.174842,,,
9,23,sent,2026-05-21T17:06:09.727611,,,
9,24,sent,2026-05-21T17:07:10.848689,,,
9,25,sent,2026-05-21T17:08:12.148617,,,
9,26,sent,2026-05-21T17:09:13.440301,,,
9,27,sent,2026-05-21T17:10:14.188797,,,
9,28,sent,2026-05-21T17:11:15.403168,,,
9,29,sent,2026-05-21T17:12:15.980081,,,
10,1,sent,2026-05-25T14:13:18.260906,,,
10,2,sent,2026-05-25T14:14:21.006774,,,
10,3,sent,2026-05-25T14:15:22.684494,,,
10,4,sent,2026-05-25T14:16:25.688590,,,
10,5,sent,2026-05-25T14:17:27.072699,,,
10,6,sent,2026-05-25T14:18:29.029087,,,
10,7,sent,2026-05-25T14:19:30.674475,,,
10,8,sent,2026-05-25T14:20:32.774243,,,
10,9,sent,2026-05-25T14:21:34.810910,,,
10,10,sent,2026-05-25T14:22:37.754655,,,
10,11,sent,2026-05-25T14:23:39.190074,,,
10,12,sent,2026-05-25T14:24:41.630904,,,
10,13,sent,2026-05-25T14:25:43.424718,,,
10,14,sent,2026-05-25T14:26:55.396425,,,
10,15,sent,2026-05-25T14:27:57.332745,,,
10,16,sent,2026-05-25T14:29:00.016355,,,
10,17,sent,2026-05-25T14:30:02.277375,,,
10,19,sent,2026-05-25T14:31:05.562194,,,
10,20,sent,2026-05-25T14:32:07.348011,,,
10,21,sent,2026-05-25T14:33:09.979224,,,
10,22,sent,2026-05-25T14:34:11.703784,,,
10,23,sent,2026-05-25T14:35:14.862389,,,
10,24,sent,2026-05-25T14:36:16.546042,,,
10,25,sent,2026-05-25T14:37:20.145468,,,
10,26,sent,2026-05-25T14:38:21.575091,,,
10,27,sent,2026-05-25T14:39:23.840775,,,
10,28,sent,2026-05-25T14:40:25.398788,,,
10,29,sent,2026-05-25T14:41:28.327789,,,
11,1,skipped,,,,
11,2,sent,2026-05-28T12:43:26.354835,,,
11,3,sent,2026-05-28T12:44:30.885398,,,
11,4,skipped,,,,
11,5,sent,2026-05-28T12:46:35.379478,,,
11,6,sent,2026-05-28T12:47:37.699300,,,
11,7,sent,2026-05-28T12:48:40.981913,,,
11,8,skipped,,,,
11,9,sent,2026-05-28T12:50:44.688879,,,
11,10,sent,2026-05-28T12:51:46.113181,,,
11,11,sent,2026-05-28T12:52:49.709570,,,
11,12,sent,2026-05-28T12:53:51.240982,,,
11,13,sent,2026-05-28T12:54:54.420456,,,
11,14,sent,2026-05-28T12:55:55.827305,,,
11,15,sent,2026-05-28T12:56:58.742251,,,
11,16,sent,2026-05-28T13:03:15.502978,,,
11,17,skipped,,,,
11,19,skipped,,,,
11,20,skipped,,,,
11,21,skipped,,,,
11,22,sent,2026-05-28T13:08:25.368433,,,
11,23,skipped,,,,
11,24,skipped,,,,
11,25,sent,2026-05-28T13:11:28.898903,,,
11,26,sent,2026-05-28T13:12:31.762978,,,
11,27,sent,2026-05-28T13:13:32.465131,,,
11,28,sent,2026-05-28T13:14:35.976180,,,
11,29,sent,2026-05-28T13:15:36.774604,,,
12,1,pending,,,,
12,2,pending,,,,
12,3,pending,,,,
12,4,pending,,,,
12,5,pending,,,,
12,6,pending,,,,
12,7,pending,,,,
12,8,pending,,,,
12,9,pending,,,,
12,10,pending,,,,
12,11,pending,,,,
12,12,pending,,,,
12,13,pending,,,,
12,14,pending,,,,
12,15,pending,,,,
12,16,pending,,,,
12,17,pending,,,,
12,19,pending,,,,
12,20,pending,,,,
12,21,pending,,,,
12,22,pending,,,,
12,23,pending,,,,
12,24,pending,,,,
12,25,pending,,,,
12,26,pending,,,,
12,27,pending,,,,
12,28,pending,,,,
12,29,pending,,,,
16,204,sent,2026-05-21T16:20:26.265525,,,
16,205,sent,2026-05-21T16:22:28.818687,,,
16,206,sent,2026-05-21T16:25:08.717611,,,
16,207,sent,2026-05-21T16:27:10.462521,,,
16,208,sent,2026-05-21T16:55:40.954450,,,
16,209,sent,2026-05-21T16:58:02.135005,,,
16,210,sent,2026-05-21T17:00:03.985391,,,
16,211,sent,2026-05-21T17:02:05.744574,,,
16,212,sent,2026-05-21T17:04:07.996998,,,
16,213,sent,2026-05-21T17:06:09.727611,,,
16,214,sent,2026-05-21T17:08:12.148617,,,
16,215,sent,2026-05-21T17:10:14.188797,,,
16,216,sent,2026-05-21T17:12:15.980081,,,
16,217,sent,2026-05-21T17:14:18.166556,,,
16,218,sent,2026-05-21T17:16:18.786176,,,
16,219,sent,2026-05-21T17:18:19.373634,,,
16,220,sent,2026-05-21T17:20:19.944657,,,
16,221,sent,2026-05-21T17:22:20.646750,,,
16,222,sent,2026-05-21T17:25:12.752600,,,
16,223,sent,2026-05-21T17:27:13.376633,,,
16,224,sent,2026-05-21T17:29:14.502890,,,
16,225,sent,2026-05-21T17:41:14.512320,,,
16,226,sent,2026-05-21T17:43:15.765277,,,
16,227,sent,2026-05-21T17:45:17.007564,,,
16,228,sent,2026-05-21T17:47:17.764839,,,
16,229,sent,2026-05-21T17:49:18.489846,,,
16,230,sent,2026-05-21T17:51:19.115883,,,
16,231,sent,2026-05-21T17:53:19.712985,,,
16,232,sent,2026-05-21T17:55:20.600662,,,
16,2,sent,2026-05-21T16:18:23.979585,,,
16,234,sent,2026-05-21T18:06:33.064394,,,
16,235,sent,2026-05-21T18:08:34.358189,,,
16,236,sent,2026-05-21T18:10:35.013645,,,
16,237,sent,2026-05-21T18:12:35.679814,,,
16,238,sent,2026-05-21T18:14:36.292659,,,
16,239,sent,2026-05-21T18:16:36.936928,,,
16,240,sent,2026-05-21T18:18:37.774561,,,
16,241,sent,2026-05-21T18:20:38.430946,,,
16,242,sent,2026-05-21T18:22:39.337172,,,
16,243,sent,2026-05-21T18:24:39.992366,,,
16,244,sent,2026-05-21T18:27:34.579716,,,
16,245,sent,2026-05-21T18:29:35.169359,,,
16,246,sent,2026-05-21T18:31:35.735482,,,
16,247,sent,2026-05-21T18:33:36.735378,,,
16,248,sent,2026-05-21T18:35:37.638437,,,
16,249,sent,2026-05-21T18:37:38.236526,,,
16,250,sent,2026-05-21T18:39:39.203136,,,
16,251,sent,2026-05-21T18:41:39.967901,,,
16,252,sent,2026-05-21T18:43:40.624365,,,
16,253,sent,2026-05-21T18:45:41.178918,,,
17,254,sent,2026-05-21T16:18:23.979585,,,
17,255,sent,2026-05-21T16:20:26.265525,,,
19,1,sent,2026-05-25T14:13:18.260906,,,
19,2,sent,2026-05-25T14:14:21.006774,,,
19,3,sent,2026-05-25T14:15:22.684494,,,
19,4,sent,2026-05-25T14:16:25.688590,,,
19,5,sent,2026-05-25T14:17:27.072699,,,
19,6,sent,2026-05-25T14:18:29.029087,,,
19,7,sent,2026-05-25T14:19:30.674475,,,
19,8,sent,2026-05-25T14:20:32.774243,,,
19,9,sent,2026-05-25T14:21:34.810910,,,
19,10,sent,2026-05-25T14:22:37.754655,,,
19,11,sent,2026-05-25T14:23:39.190074,,,
19,12,sent,2026-05-25T14:24:41.630904,,,
19,13,sent,2026-05-25T14:25:43.424718,,,
19,14,sent,2026-05-25T14:26:55.396425,,,
19,15,sent,2026-05-25T14:27:57.332745,,,
19,16,sent,2026-05-25T14:29:00.016355,,,
19,17,sent,2026-05-25T14:30:02.277375,,,
19,19,sent,2026-05-25T14:31:05.562194,,,
19,20,sent,2026-05-25T14:32:07.348011,,,
19,21,sent,2026-05-25T14:33:09.979224,,,
19,22,sent,2026-05-25T14:34:11.703784,,,
19,23,sent,2026-05-25T14:35:14.862389,,,
19,24,sent,2026-05-25T14:36:16.546042,,,
19,25,sent,2026-05-25T14:37:20.145468,,,
19,26,sent,2026-05-25T14:38:21.575091,,,
19,27,sent,2026-05-25T14:39:23.840775,,,
19,28,sent,2026-05-25T14:40:25.398788,,,
19,29,sent,2026-05-25T14:41:28.327789,,,
20,254,sent,2026-05-25T14:13:18.260906,,,
20,255,sent,2026-05-25T14:15:22.684494,,,
21,254,sent,2026-05-28T12:43:26.354835,,,
21,255,sent,2026-05-28T12:45:32.481751,,,
22,254,sent,2026-05-28T23:26:57.930139,,,
22,255,sent,2026-05-28T23:30:16.746094,,,
23,254,pending,,,,
23,255,pending,,,,
24,2,sent,2026-05-25T14:13:18.260906,,,
24,204,sent,2026-05-25T14:15:22.684494,,,
24,205,sent,2026-05-25T14:17:27.072699,,,
24,206,sent,2026-05-25T14:19:30.674475,,,
24,207,sent,2026-05-25T14:21:34.810910,,,
24,208,sent,2026-05-25T14:23:39.190074,,,
24,209,sent,2026-05-25T14:25:43.424718,,,
24,210,sent,2026-05-25T14:27:57.332745,,,
24,211,sent,2026-05-25T14:30:02.277375,,,
24,212,sent,2026-05-25T14:32:07.348011,,,
24,213,sent,2026-05-25T14:34:11.703784,,,
24,214,sent,2026-05-25T14:36:16.546042,,,
24,215,sent,2026-05-25T14:38:21.575091,,,
24,216,sent,2026-05-25T14:40:25.398788,,,
24,217,sent,2026-05-25T14:42:29.995350,,,
24,218,sent,2026-05-25T14:44:31.248434,,,
24,219,sent,2026-05-25T14:46:31.964096,,,
24,220,sent,2026-05-25T14:48:32.999809,,,
24,221,sent,2026-05-25T14:50:33.799468,,,
24,222,sent,2026-05-25T14:52:34.496806,,,
24,223,sent,2026-05-25T14:54:35.274932,,,
24,224,sent,2026-05-25T14:56:36.257183,,,
24,225,sent,2026-05-25T14:59:54.024473,,,
24,226,sent,2026-05-25T15:01:56.517676,,,
24,227,sent,2026-05-25T15:03:57.224574,,,
24,228,sent,2026-05-25T15:05:58.071378,,,
24,229,sent,2026-05-25T15:07:59.542763,,,
24,230,sent,2026-05-25T15:10:00.744864,,,
24,231,sent,2026-05-25T15:13:06.037916,,,
24,232,sent,2026-05-25T15:15:06.760733,,,
24,234,sent,2026-05-25T15:17:07.647178,,,
24,235,sent,2026-05-25T15:19:08.364478,,,
24,236,sent,2026-05-25T15:21:09.320722,,,
24,237,sent,2026-05-25T15:23:10.258946,,,
24,238,sent,2026-05-25T15:25:11.291500,,,
24,239,sent,2026-05-25T15:27:12.898863,,,
24,240,sent,2026-05-25T15:29:13.758307,,,
24,241,sent,2026-05-25T15:31:14.512898,,,
24,242,sent,2026-05-25T15:33:15.734305,,,
24,243,sent,2026-05-25T15:35:16.857573,,,
24,244,sent,2026-05-25T15:37:17.682663,,,
24,245,sent,2026-05-25T15:39:18.367930,,,
24,246,sent,2026-05-25T15:41:19.254228,,,
24,247,sent,2026-05-25T15:43:21.005768,,,
24,248,sent,2026-05-25T15:45:22.133907,,,
24,249,sent,2026-05-25T15:47:23.270915,,,
24,250,sent,2026-05-25T15:49:54.260704,,,
24,251,sent,2026-05-25T15:51:55.482226,,,
24,252,sent,2026-05-25T15:53:59.470917,,,
24,253,sent,2026-05-25T15:56:00.716311,,,
25,254,pending,,,,
25,255,pending,,,,
27,1,pending,,,,
27,2,pending,,,,
27,3,pending,,,,
27,4,pending,,,,
27,5,pending,,,,
27,6,pending,,,,
27,7,pending,,,,
27,8,pending,,,,
27,9,pending,,,,
27,10,pending,,,,
27,11,pending,,,,
27,12,pending,,,,
27,13,pending,,,,
27,14,pending,,,,
27,15,pending,,,,
27,16,pending,,,,
27,17,pending,,,,
27,19,pending,,,,
27,20,pending,,,,
27,21,pending,,,,
27,22,pending,,,,
27,23,pending,,,,
27,24,pending,,,,
27,25,pending,,,,
27,26,pending,,,,
27,27,pending,,,,
27,28,pending,,,,
27,29,pending,,,,
28,2,sent,2026-05-28T12:43:26.354835,,,
28,204,sent,2026-05-28T12:45:32.481751,,,
28,205,sent,2026-05-28T12:47:37.699300,,,
28,206,sent,2026-05-28T12:49:42.527146,,,
28,207,sent,2026-05-28T12:51:46.113181,,,
28,208,sent,2026-05-28T12:53:51.240982,,,
28,209,sent,2026-05-28T12:55:55.827305,,,
28,210,sent,2026-05-28T13:03:15.502978,,,
28,211,sent,2026-05-28T13:05:20.108252,,,
28,212,sent,2026-05-28T13:07:22.644859,,,
28,213,sent,2026-05-28T13:09:26.092730,,,
28,214,sent,2026-05-28T13:11:28.898903,,,
28,215,sent,2026-05-28T13:13:32.465131,,,
28,216,sent,2026-05-28T13:15:36.774604,,,
28,217,sent,2026-05-28T13:17:40.619083,,,
28,218,sent,2026-05-28T13:19:43.381672,,,
28,219,sent,2026-05-28T13:21:46.459919,,,
28,220,sent,2026-05-28T13:23:49.510338,,,
28,221,sent,2026-05-28T13:25:52.073836,,,
28,222,sent,2026-05-28T13:27:54.834149,,,
28,223,sent,2026-05-28T13:29:57.919350,,,
28,224,sent,2026-05-28T13:32:01.442581,,,
28,225,sent,2026-05-28T13:34:04.802187,,,
28,226,sent,2026-05-28T13:36:10.864652,,,
28,227,sent,2026-05-28T13:38:13.196376,,,
28,228,sent,2026-05-28T13:41:12.903531,,,
28,229,sent,2026-05-28T13:43:14.769116,,,
28,230,sent,2026-05-28T13:45:17.192582,,,
28,231,sent,2026-05-28T13:47:19.792543,,,
28,232,sent,2026-05-28T13:49:22.298464,,,
28,234,sent,2026-05-28T13:51:25.036208,,,
28,235,sent,2026-05-28T13:53:26.959102,,,
28,236,sent,2026-05-28T13:55:29.704353,,,
28,237,sent,2026-05-28T13:57:32.188243,,,
28,238,sent,2026-05-28T13:59:34.873004,,,
28,239,sent,2026-05-28T14:01:38.255082,,,
28,240,sent,2026-05-28T14:03:40.734626,,,
28,241,sent,2026-05-28T14:05:48.078192,,,
28,242,sent,2026-05-28T14:07:50.740804,,,
28,243,sent,2026-05-28T14:09:53.614142,,,
28,244,sent,2026-05-28T14:11:56.221837,,,
28,245,sent,2026-05-28T14:13:58.640343,,,
28,246,sent,2026-05-28T14:16:01.020844,,,
28,247,sent,2026-05-28T14:18:03.557949,,,
28,248,sent,2026-05-28T14:20:05.344727,,,
28,249,sent,2026-05-28T14:22:08.049125,,,
28,250,sent,2026-05-28T14:24:10.330749,,,
28,251,sent,2026-05-28T14:26:12.932627,,,
28,252,sent,2026-05-28T14:28:15.225504,,,
28,253,sent,2026-05-28T14:30:17.574389,,,
29,412,sent,2026-05-26T12:13:58.118831,,,
29,413,sent,2026-05-26T12:15:58.994657,,,
29,414,sent,2026-05-26T12:17:59.739356,,,
29,415,sent,2026-05-26T12:20:00.547617,,,
29,416,sent,2026-05-26T12:22:01.501891,,,
29,417,sent,2026-05-26T12:24:02.217578,,,
29,418,sent,2026-05-26T12:26:03.768586,,,
29,419,sent,2026-05-26T12:28:05.630965,,,
29,420,sent,2026-05-26T12:30:07.159691,,,
29,421,sent,2026-05-26T12:32:09.457563,,,
29,422,sent,2026-05-26T12:34:10.297743,,,
29,423,sent,2026-05-26T12:36:11.044798,,,
29,424,sent,2026-05-26T12:38:11.821731,,,
29,425,sent,2026-05-26T12:40:12.666672,,,
29,426,sent,2026-05-26T12:42:13.601231,,,
29,427,sent,2026-05-26T12:44:14.818368,,,
29,428,sent,2026-05-26T12:46:15.522393,,,
29,429,sent,2026-05-26T12:48:16.264337,,,
29,430,sent,2026-05-26T12:50:17.047188,,,
29,431,sent,2026-05-26T12:52:17.792553,,,
29,432,sent,2026-05-26T12:54:18.609628,,,
29,433,sent,2026-05-26T12:56:19.373735,,,
29,434,sent,2026-05-26T12:58:20.527541,,,
29,435,sent,2026-05-26T13:00:21.357767,,,
29,436,sent,2026-05-26T13:02:22.090472,,,
29,437,sent,2026-05-26T13:04:22.898698,,,
29,438,sent,2026-05-26T13:06:23.645232,,,
29,439,sent,2026-05-26T13:08:24.376375,,,
29,440,sent,2026-05-26T13:10:25.700145,,,
29,441,sent,2026-05-26T13:12:26.453413,,,
29,442,sent,2026-05-26T13:15:10.337233,,,
29,443,sent,2026-05-26T13:17:11.189564,,,
29,444,sent,2026-05-26T13:19:11.900071,,,
29,445,sent,2026-05-26T13:21:12.618613,,,
29,446,sent,2026-05-26T13:23:13.318777,,,
29,447,sent,2026-05-26T13:25:14.013349,,,
29,448,sent,2026-05-26T13:27:14.672899,,,
29,449,sent,2026-05-26T13:29:15.729426,,,
29,450,sent,2026-05-26T13:31:16.609833,,,
29,451,sent,2026-05-26T13:33:17.418076,,,
29,452,sent,2026-05-26T13:35:18.275856,,,
29,453,sent,2026-05-26T13:37:19.053671,,,
29,454,sent,2026-05-26T13:39:19.741428,,,
29,455,sent,2026-05-26T13:41:20.443873,,,
29,456,sent,2026-05-26T13:43:21.212134,,,
29,457,sent,2026-05-26T13:45:22.302810,,,
29,458,sent,2026-05-26T13:47:23.077871,,,
29,459,sent,2026-05-26T13:49:23.733588,,,
29,460,sent,2026-05-26T13:51:24.406947,,,
29,461,sent,2026-05-26T13:53:25.129852,,,
29,462,sent,2026-05-26T13:55:25.849512,,,
29,463,sent,2026-05-26T13:57:26.789290,,,
29,464,sent,2026-05-26T13:59:27.960538,,,
29,465,sent,2026-05-26T14:01:28.646268,,,
29,466,sent,2026-05-26T14:03:29.420045,,,
29,467,sent,2026-05-26T14:05:30.280464,,,
29,468,sent,2026-05-26T14:07:31.639586,,,
29,469,sent,2026-05-26T14:09:32.385853,,,
29,470,sent,2026-05-26T14:11:33.962137,,,
29,471,sent,2026-05-26T14:13:34.970443,,,
29,472,sent,2026-05-26T14:16:19.050813,,,
29,473,sent,2026-05-26T14:18:19.916361,,,
29,474,sent,2026-05-26T14:20:20.840112,,,
29,475,sent,2026-05-26T14:22:21.555447,,,
29,476,sent,2026-05-26T14:24:22.253681,,,
29,477,sent,2026-05-26T14:26:23.130930,,,
29,478,sent,2026-05-26T14:28:23.864751,,,
29,479,sent,2026-05-26T14:30:25.012877,,,
29,480,sent,2026-05-26T14:32:25.847343,,,
29,481,sent,2026-05-26T14:34:26.637201,,,
29,482,sent,2026-05-26T14:36:27.364960,,,
29,483,sent,2026-05-26T14:38:28.106279,,,
29,484,sent,2026-05-26T14:40:28.842068,,,
29,485,sent,2026-05-26T14:42:29.595949,,,
29,486,sent,2026-05-26T14:44:31.035821,,,
29,487,sent,2026-05-26T14:46:32.232825,,,
29,488,sent,2026-05-26T14:48:33.101053,,,
29,489,sent,2026-05-26T14:50:33.930942,,,
29,490,sent,2026-05-26T14:52:34.729777,,,
29,491,sent,2026-05-26T14:54:35.510465,,,
29,492,sent,2026-05-26T14:56:36.183400,,,
29,493,sent,2026-05-26T14:58:36.971628,,,
29,494,sent,2026-05-26T15:00:38.122784,,,
29,495,sent,2026-05-26T15:02:38.852747,,,
29,496,sent,2026-05-26T15:04:39.871451,,,
29,497,sent,2026-05-26T15:06:40.593936,,,
29,498,sent,2026-05-26T15:08:41.314446,,,
29,499,sent,2026-05-26T15:10:42.104426,,,
29,500,sent,2026-05-26T15:12:42.833436,,,
29,501,sent,2026-05-26T15:14:43.657822,,,
29,502,sent,2026-05-26T15:17:41.686589,,,
29,503,sent,2026-05-26T15:19:42.427561,,,
29,504,sent,2026-05-26T15:21:43.194487,,,
29,505,sent,2026-05-26T15:23:44.026828,,,
29,506,sent,2026-05-26T15:25:45.531231,,,
29,507,sent,2026-05-26T15:27:46.314882,,,
29,508,sent,2026-05-26T15:29:47.151319,,,
29,509,sent,2026-05-26T15:31:48.267029,,,
29,510,sent,2026-05-26T15:33:49.013511,,,
29,511,sent,2026-05-26T15:35:49.763118,,,
29,512,sent,2026-05-26T15:37:50.534307,,,
29,513,sent,2026-05-26T15:39:51.269948,,,
29,514,sent,2026-05-26T15:41:52.107001,,,
29,515,sent,2026-05-26T15:43:52.842458,,,
29,516,sent,2026-05-26T15:45:52.851000,,,
29,517,sent,2026-05-26T15:47:54.539612,,,
29,518,sent,2026-05-26T15:49:55.258547,,,
29,519,sent,2026-05-26T15:51:55.985502,,,
29,520,sent,2026-05-26T15:53:56.685482,,,
29,521,sent,2026-05-26T15:56:05.130068,,,
29,522,sent,2026-05-26T15:58:06.324869,,,
29,523,sent,2026-05-26T16:00:07.075542,,,
29,524,sent,2026-05-26T16:02:08.194795,,,
29,525,sent,2026-05-26T16:04:08.813604,,,
30,526,sent,2026-05-26T12:25:02.933940,,,
30,527,sent,2026-05-26T12:27:04.534236,,,
30,528,sent,2026-05-26T12:29:06.366330,,,
30,529,sent,2026-05-26T12:31:08.622763,,,
31,526,sent,2026-05-28T12:41:23.044302,,,
31,527,sent,2026-05-28T12:43:26.354835,,,
31,528,skipped,,,,
31,529,sent,2026-05-28T12:46:35.379478,,,
32,530,sent,2026-05-28T12:46:35.379478,,,
32,531,sent,2026-05-28T12:48:40.981913,,,
32,532,sent,2026-05-28T12:50:44.688879,,,
32,533,sent,2026-05-28T12:52:49.709570,,,
32,534,sent,2026-05-28T12:54:54.420456,,,
32,535,failed,,,,
32,536,sent,2026-05-28T13:03:15.502978,,,
32,537,sent,2026-05-28T13:05:20.108252,,,
32,538,sent,2026-05-28T13:07:22.644859,,,
32,539,sent,2026-05-28T13:09:26.092730,,,
32,540,sent,2026-05-28T13:11:28.898903,,,
32,541,sent,2026-05-28T13:13:32.465131,,,
32,542,sent,2026-05-28T13:15:36.774604,,,
32,543,sent,2026-05-28T13:17:40.619083,,,
32,544,sent,2026-05-28T13:19:43.381672,,,
32,545,sent,2026-05-28T13:21:46.459919,,,
32,546,sent,2026-05-28T13:23:49.510338,,,
32,547,sent,2026-05-28T13:25:52.073836,,,
32,548,sent,2026-05-28T13:27:54.834149,,,
32,549,sent,2026-05-28T13:29:57.919350,,,
32,550,sent,2026-05-28T13:32:01.442581,,,
32,551,sent,2026-05-28T13:34:04.802187,,,
32,552,sent,2026-05-28T13:36:10.864652,,,
32,553,sent,2026-05-28T13:38:13.196376,,,
32,554,sent,2026-05-28T13:41:12.903531,,,
32,555,sent,2026-05-28T13:43:14.769116,,,
32,556,sent,2026-05-28T13:45:17.192582,,,
32,557,sent,2026-05-28T13:47:19.792543,,,
32,558,sent,2026-05-28T13:49:22.298464,,,
32,559,sent,2026-05-28T13:51:25.036208,,,
32,560,sent,2026-05-28T13:53:26.959102,,,
32,561,sent,2026-05-28T13:55:29.704353,,,
32,562,sent,2026-05-28T13:57:32.188243,,,
32,563,sent,2026-05-28T13:59:34.873004,,,
32,564,sent,2026-05-28T14:01:38.255082,,,
32,565,sent,2026-05-28T14:03:40.734626,,,
32,566,sent,2026-05-28T14:05:48.078192,,,
32,567,sent,2026-05-28T14:07:50.740804,,,
32,568,sent,2026-05-28T14:09:53.614142,,,
32,569,sent,2026-05-28T14:11:56.221837,,,
32,570,sent,2026-05-28T14:13:58.640343,,,
32,571,sent,2026-05-28T14:16:01.020844,,,
32,572,sent,2026-05-28T14:18:03.557949,,,
32,573,sent,2026-05-28T14:20:05.344727,,,
32,574,sent,2026-05-28T14:22:08.049125,,,
32,575,sent,2026-05-28T14:24:10.330749,,,
32,576,sent,2026-05-28T14:26:12.932627,,,
32,577,sent,2026-05-28T14:28:15.225504,,,
32,578,sent,2026-05-28T14:30:17.574389,,,
32,579,sent,2026-05-28T14:32:20.654696,,,
32,580,sent,2026-05-28T14:34:22.544159,,,
32,581,sent,2026-05-28T14:36:24.686011,,,
32,582,sent,2026-05-28T14:38:26.541008,,,
32,583,sent,2026-05-28T14:41:21.669844,,,
32,584,sent,2026-05-28T14:43:23.061797,,,
32,585,sent,2026-05-28T14:45:25.149819,,,
32,586,sent,2026-05-28T14:47:27.318150,,,
32,587,sent,2026-05-28T14:49:29.445556,,,
32,588,sent,2026-05-28T14:51:31.627638,,,
32,589,sent,2026-05-28T14:53:33.760851,,,
32,590,sent,2026-05-28T14:55:36.142928,,,
32,591,sent,2026-05-28T14:57:38.101521,,,
32,592,sent,2026-05-28T14:59:40.044439,,,
32,593,sent,2026-05-28T15:01:41.942281,,,
32,594,sent,2026-05-28T15:03:43.976994,,,
32,595,sent,2026-05-28T15:05:46.379110,,,
32,596,sent,2026-05-28T15:07:48.781864,,,
32,597,sent,2026-05-28T15:09:51.057364,,,
32,598,sent,2026-05-28T15:11:52.876029,,,
32,599,sent,2026-05-28T15:13:54.966654,,,
32,600,sent,2026-05-28T15:15:57.233775,,,
32,601,sent,2026-05-28T15:17:59.331555,,,
32,602,sent,2026-05-28T15:20:01.343515,,,
32,603,sent,2026-05-28T15:22:03.428170,,,
32,604,sent,2026-05-28T15:24:04.930152,,,
32,605,sent,2026-05-28T15:26:08.102509,,,
32,606,sent,2026-05-28T15:28:10.081819,,,
32,607,sent,2026-05-28T15:30:12.511765,,,
32,608,sent,2026-05-28T15:32:14.701339,,,
32,28,sent,2026-05-28T12:42:25.695964,,,
32,610,sent,2026-05-28T15:34:16.183961,,,
32,611,sent,2026-05-28T15:36:19.861588,,,
32,612,sent,2026-05-28T15:38:22.474298,,,
32,613,sent,2026-05-28T15:40:24.564493,,,
32,614,sent,2026-05-28T15:42:46.425680,,,
32,615,sent,2026-05-28T15:44:48.465948,,,
32,616,sent,2026-05-28T15:46:50.366164,,,
32,617,sent,2026-05-28T15:48:52.661177,,,
32,618,sent,2026-05-28T15:50:54.818801,,,
32,619,sent,2026-05-28T15:52:56.578093,,,
32,620,sent,2026-05-28T15:54:58.797940,,,
32,621,sent,2026-05-28T15:57:01.522637,,,
32,622,sent,2026-05-28T15:59:03.574778,,,
32,623,sent,2026-05-28T16:01:05.740620,,,
32,624,sent,2026-05-28T16:03:07.805255,,,
32,625,sent,2026-05-28T16:05:09.643431,,,
32,626,sent,2026-05-28T16:07:11.078886,,,
32,627,sent,2026-05-28T16:09:12.802166,,,
32,628,sent,2026-05-28T16:11:14.187499,,,
32,629,sent,2026-05-28T16:13:16.216263,,,
32,630,sent,2026-05-28T16:15:18.502596,,,
32,631,sent,2026-05-28T16:17:20.296365,,,
32,632,sent,2026-05-28T16:19:21.438591,,,
32,633,sent,2026-05-28T16:21:22.588885,,,
32,634,sent,2026-05-28T16:23:23.772577,,,
32,635,sent,2026-05-28T16:25:24.970368,,,
32,636,sent,2026-05-28T16:27:26.720962,,,
32,637,sent,2026-05-28T16:29:27.856362,,,
32,638,sent,2026-05-28T16:31:29.074607,,,
32,29,sent,2026-05-28T12:44:30.885398,,,
32,640,sent,2026-05-28T16:33:30.365153,,,
32,641,sent,2026-05-28T16:35:31.513605,,,
32,642,sent,2026-05-28T16:37:32.728824,,,
32,643,sent,2026-05-28T16:39:33.965789,,,
32,644,sent,2026-05-28T16:41:35.126710,,,
32,645,sent,2026-05-28T16:47:12.984800,,,
32,646,sent,2026-05-28T16:51:02.993596,,,
32,647,sent,2026-05-28T16:53:04.275269,,,
32,648,sent,2026-05-28T16:55:05.404609,,,
32,649,sent,2026-05-28T16:57:06.528922,,,
32,650,sent,2026-05-28T16:59:19.742178,,,
32,651,failed,,,,
32,652,failed,,,,
32,653,sent,2026-05-28T17:06:42.906089,,,
32,654,sent,2026-05-28T17:08:44.607737,,,
32,655,sent,2026-05-28T17:10:45.746962,,,
32,656,sent,2026-05-28T17:12:46.948373,,,
32,657,sent,2026-05-28T17:14:48.521445,,,
32,658,sent,2026-05-28T17:16:49.642606,,,
32,659,sent,2026-05-28T17:19:59.873796,,,
32,660,SENT,2026-05-28T17:31:17.407083,,,
32,661,SENT,2026-05-28T17:31:49.949548,,,
32,662,SENT,2026-05-28T17:32:21.179548,,,
32,663,SENT,2026-05-28T17:32:52.316879,,,
32,664,SENT,2026-05-28T17:33:24.268975,,,
32,665,SENT,2026-05-28T17:33:56.296504,,,
32,666,SENT,2026-05-28T17:34:28.315705,,,
32,667,SENT,2026-05-28T17:35:00.295032,,,
32,668,SENT,2026-05-28T17:35:31.504132,,,
32,669,SENT,2026-05-28T17:36:02.639322,,,
32,670,SENT,2026-05-28T17:36:34.572310,,,
32,671,SENT,2026-05-28T17:37:07.101766,,,
32,672,sent,2026-05-28T17:45:43.665450,,,
32,673,sent,2026-05-28T17:48:18.211455,,,
32,674,sent,2026-05-28T17:50:19.556037,,,
32,675,sent,2026-05-28T18:21:10.493885,,,
32,676,sent,2026-05-28T18:23:12.512882,,,
32,677,sent,2026-05-28T18:25:13.791211,,,
32,678,sent,2026-05-28T18:27:14.922685,,,
32,679,sent,2026-05-28T18:29:16.035554,,,
33,680,sent,2026-05-28T12:41:23.044302,,,
33,681,sent,2026-05-28T12:43:26.354835,,,
33,682,sent,2026-05-28T12:45:32.481751,,,
33,683,sent,2026-05-28T12:47:37.699300,,,
33,684,sent,2026-05-28T12:49:42.527146,,,
33,685,sent,2026-05-28T12:51:46.113181,,,
33,686,sent,2026-05-28T12:53:51.240982,,,
33,687,sent,2026-05-28T12:55:55.827305,,,
33,688,sent,2026-05-28T13:03:15.502978,,,
33,689,sent,2026-05-28T13:05:20.108252,,,
33,690,sent,2026-05-28T13:07:22.644859,,,
33,691,sent,2026-05-28T13:09:26.092730,,,
33,692,sent,2026-05-28T13:11:28.898903,,,
33,693,sent,2026-05-28T13:13:32.465131,,,
33,694,sent,2026-05-28T13:15:36.774604,,,
33,695,sent,2026-05-28T13:17:40.619083,,,
33,696,sent,2026-05-28T13:19:43.381672,,,
33,697,sent,2026-05-28T13:21:46.459919,,,
33,698,sent,2026-05-28T13:23:49.510338,,,
33,699,sent,2026-05-28T13:25:52.073836,,,
33,700,sent,2026-05-28T13:27:54.834149,,,
33,701,sent,2026-05-28T13:29:57.919350,,,
33,702,sent,2026-05-28T13:32:01.442581,,,
33,703,sent,2026-05-28T13:34:04.802187,,,
33,704,sent,2026-05-28T13:36:10.864652,,,
33,705,sent,2026-05-28T13:38:13.196376,,,
33,706,sent,2026-05-28T13:41:12.903531,,,
33,707,sent,2026-05-28T13:43:14.769116,,,
33,708,sent,2026-05-28T13:45:17.192582,,,
33,709,sent,2026-05-28T13:47:19.792543,,,
33,710,sent,2026-05-28T13:49:22.298464,,,
33,711,sent,2026-05-28T13:51:25.036208,,,
33,712,sent,2026-05-28T13:53:26.959102,,,
33,713,sent,2026-05-28T13:55:29.704353,,,
33,714,sent,2026-05-28T13:57:32.188243,,,
33,715,sent,2026-05-28T13:59:34.873004,,,
33,716,sent,2026-05-28T14:01:38.255082,,,
33,717,sent,2026-05-28T14:03:40.734626,,,
33,718,sent,2026-05-28T14:05:48.078192,,,
33,719,sent,2026-05-28T14:07:50.740804,,,
33,720,sent,2026-05-28T14:09:53.614142,,,
33,721,sent,2026-05-28T14:11:56.221837,,,
33,722,sent,2026-05-28T14:13:58.640343,,,
33,723,sent,2026-05-28T14:16:01.020844,,,
33,724,sent,2026-05-28T14:18:03.557949,,,
33,725,sent,2026-05-28T14:20:05.344727,,,
33,726,sent,2026-05-28T14:22:08.049125,,,
33,727,sent,2026-05-28T14:24:10.330749,,,
33,728,sent,2026-05-28T14:26:12.932627,,,
33,729,sent,2026-05-28T14:28:15.225504,,,
33,730,sent,2026-05-28T14:30:17.574389,,,
33,731,sent,2026-05-28T14:32:20.654696,,,
33,732,sent,2026-05-28T14:34:22.544159,,,
33,733,sent,2026-05-28T14:36:24.686011,,,
33,734,sent,2026-05-28T14:38:26.541008,,,
33,735,sent,2026-05-28T14:41:21.669844,,,
33,736,sent,2026-05-28T14:43:23.061797,,,
33,737,sent,2026-05-28T14:45:25.149819,,,
33,738,sent,2026-05-28T14:47:27.318150,,,
33,739,sent,2026-05-28T14:49:29.445556,,,
33,740,sent,2026-05-28T14:51:31.627638,,,
33,741,sent,2026-05-28T14:53:33.760851,,,
33,742,sent,2026-05-28T14:55:36.142928,,,
33,743,sent,2026-05-28T14:57:38.101521,,,
33,744,sent,2026-05-28T14:59:40.044439,,,
33,745,sent,2026-05-28T15:01:41.942281,,,
33,746,sent,2026-05-28T15:03:43.976994,,,
33,747,sent,2026-05-28T15:05:46.379110,,,
33,748,sent,2026-05-28T15:07:48.781864,,,
33,749,sent,2026-05-28T15:09:51.057364,,,
33,750,sent,2026-05-28T15:11:52.876029,,,
33,751,sent,2026-05-28T15:13:54.966654,,,
33,752,sent,2026-05-28T15:15:57.233775,,,
33,753,sent,2026-05-28T15:17:59.331555,,,
33,754,sent,2026-05-28T15:20:01.343515,,,
33,755,sent,2026-05-28T15:22:03.428170,,,
33,756,sent,2026-05-28T15:24:04.930152,,,
33,757,sent,2026-05-28T15:26:08.102509,,,
33,758,sent,2026-05-28T15:28:10.081819,,,
33,759,sent,2026-05-28T15:30:12.511765,,,
33,760,sent,2026-05-28T15:32:14.701339,,,
33,761,sent,2026-05-28T15:34:16.183961,,,
33,762,sent,2026-05-28T15:36:19.861588,,,
33,763,sent,2026-05-28T15:38:22.474298,,,
33,764,sent,2026-05-28T15:40:24.564493,,,
33,765,sent,2026-05-28T15:42:46.425680,,,
33,766,sent,2026-05-28T15:44:48.465948,,,
33,767,sent,2026-05-28T15:46:50.366164,,,
33,768,sent,2026-05-28T15:48:52.661177,,,
33,769,sent,2026-05-28T15:50:54.818801,,,
33,770,sent,2026-05-28T15:52:56.578093,,,
33,771,sent,2026-05-28T15:54:58.797940,,,
33,772,sent,2026-05-28T15:57:01.522637,,,
33,773,sent,2026-05-28T15:59:03.574778,,,
33,774,sent,2026-05-28T16:01:05.740620,,,
33,775,sent,2026-05-28T16:03:07.805255,,,
33,776,sent,2026-05-28T16:05:09.643431,,,
33,777,sent,2026-05-28T16:07:11.078886,,,
33,778,sent,2026-05-28T16:09:12.802166,,,
33,779,sent,2026-05-28T16:11:14.187499,,,
33,780,sent,2026-05-28T16:13:16.216263,,,
33,781,sent,2026-05-28T16:15:18.502596,,,
33,782,sent,2026-05-28T16:17:20.296365,,,
33,783,sent,2026-05-28T16:19:21.438591,,,
33,784,sent,2026-05-28T16:21:22.588885,,,
33,785,sent,2026-05-28T16:23:23.772577,,,
33,786,sent,2026-05-28T16:25:24.970368,,,
33,787,sent,2026-05-28T16:27:26.720962,,,
33,788,sent,2026-05-28T16:29:27.856362,,,
33,789,sent,2026-05-28T16:31:29.074607,,,
33,790,sent,2026-05-28T16:33:30.365153,,,
33,791,sent,2026-05-28T16:35:31.513605,,,
33,792,sent,2026-05-28T16:37:32.728824,,,
33,793,sent,2026-05-28T16:39:33.965789,,,
33,794,sent,2026-05-28T16:41:35.126710,,,
33,795,sent,2026-05-28T16:47:12.984800,,,
33,796,sent,2026-05-28T16:51:02.993596,,,
33,797,sent,2026-05-28T16:53:04.275269,,,
33,798,sent,2026-05-28T16:55:05.404609,,,
33,799,sent,2026-05-28T16:57:06.528922,,,
33,800,sent,2026-05-28T16:59:19.742178,,,
33,801,sent,2026-05-28T17:01:21.549665,,,
33,802,sent,2026-05-28T17:06:42.906089,,,
33,803,sent,2026-05-28T17:08:44.607737,,,
33,804,sent,2026-05-28T17:10:45.746962,,,
33,805,sent,2026-05-28T17:12:46.948373,,,
33,806,sent,2026-05-28T17:14:48.521445,,,
33,807,sent,2026-05-28T17:16:49.642606,,,
33,808,sent,2026-05-28T17:19:59.873796,,,
33,809,sent,2026-05-28T17:45:43.665450,,,
33,810,sent,2026-05-28T17:48:18.211455,,,
33,811,sent,2026-05-28T17:50:19.556037,,,
33,812,sent,2026-05-28T18:21:10.493885,,,
33,813,sent,2026-05-28T18:23:12.512882,,,
33,814,sent,2026-05-28T18:25:13.791211,,,
33,815,sent,2026-05-28T18:27:14.922685,,,
33,816,sent,2026-05-28T18:29:16.035554,,,
33,817,sent,2026-05-28T18:31:17.875051,,,
33,818,sent,2026-05-28T18:34:13.706622,,,
33,819,sent,2026-05-28T18:36:39.841127,,,
33,820,sent,2026-05-28T18:39:01.414017,,,
33,821,sent,2026-05-28T18:41:01.978474,,,
33,822,sent,2026-05-28T18:43:02.703840,,,
33,823,sent,2026-05-28T18:45:03.966337,,,
33,824,sent,2026-05-28T18:51:09.674667,,,
33,825,sent,2026-05-28T18:54:02.503211,,,
33,826,sent,2026-05-28T18:56:03.291897,,,
33,827,sent,2026-05-28T18:58:03.877383,,,
33,828,sent,2026-05-28T19:00:04.480357,,,
33,829,sent,2026-05-28T19:19:38.882346,,,
34,830,pending,,,,
34,831,pending,,,,
34,832,pending,,,,
34,833,pending,,,,
34,834,pending,,,,
34,835,pending,,,,
34,836,pending,,,,
34,837,pending,,,,
34,838,pending,,,,
34,839,pending,,,,
34,840,pending,,,,
34,841,pending,,,,
34,842,pending,,,,
34,843,pending,,,,
34,844,pending,,,,
34,845,pending,,,,
34,846,pending,,,,
34,847,pending,,,,
34,848,pending,,,,
34,849,pending,,,,
34,850,pending,,,,
34,851,pending,,,,
34,852,pending,,,,
34,853,pending,,,,
34,854,pending,,,,
34,855,pending,,,,
34,856,pending,,,,
34,857,pending,,,,
34,858,pending,,,,
34,859,pending,,,,
34,860,pending,,,,
34,861,pending,,,,
34,862,pending,,,,
34,863,pending,,,,
34,864,pending,,,,
34,865,pending,,,,
34,866,pending,,,,
34,867,pending,,,,
34,868,pending,,,,
34,869,pending,,,,
34,870,pending,,,,
34,871,pending,,,,
34,872,pending,,,,
34,873,pending,,,,
34,874,pending,,,,
34,875,pending,,,,
34,876,pending,,,,
34,877,pending,,,,
34,878,pending,,,,
34,879,pending,,,,
34,880,pending,,,,
34,881,pending,,,,
34,882,pending,,,,
34,883,pending,,,,
34,884,pending,,,,
34,885,pending,,,,
34,886,pending,,,,
34,887,pending,,,,
34,888,pending,,,,
34,889,pending,,,,
34,890,pending,,,,
34,891,pending,,,,
34,892,pending,,,,
34,893,pending,,,,
34,894,pending,,,,
34,895,pending,,,,
34,896,pending,,,,
34,897,pending,,,,
34,898,pending,,,,
34,899,pending,,,,
34,900,pending,,,,
34,901,pending,,,,
34,902,pending,,,,
34,903,pending,,,,
34,904,pending,,,,
34,905,pending,,,,
34,906,pending,,,,
34,907,pending,,,,
34,908,pending,,,,
34,909,pending,,,,
34,910,pending,,,,
34,911,pending,,,,
34,912,pending,,,,
34,913,pending,,,,
34,914,pending,,,,
34,915,pending,,,,
34,916,pending,,,,
34,917,pending,,,,
34,918,pending,,,,
34,919,pending,,,,
34,920,pending,,,,
34,921,pending,,,,
34,922,pending,,,,
34,923,pending,,,,
34,924,pending,,,,
34,925,pending,,,,
34,926,pending,,,,
34,927,pending,,,,
34,928,pending,,,,
34,929,pending,,,,
34,930,pending,,,,
35,412,sent,2026-05-28T12:41:23.044302,,,
35,413,sent,2026-05-28T12:43:26.354835,,,
35,414,sent,2026-05-28T12:45:32.481751,,,
35,415,sent,2026-05-28T12:47:37.699300,,,
35,416,sent,2026-05-28T12:49:42.527146,,,
35,417,sent,2026-05-28T12:51:46.113181,,,
35,418,sent,2026-05-28T12:53:51.240982,,,
35,419,sent,2026-05-28T12:55:55.827305,,,
35,420,sent,2026-05-28T13:03:15.502978,,,
35,421,skipped,,,,
35,422,sent,2026-05-28T13:06:22.049401,,,
35,423,skipped,,,,
35,424,skipped,,,,
35,425,sent,2026-05-28T13:10:28.242263,,,
35,426,skipped,,,,
35,427,sent,2026-05-28T13:13:32.465131,,,
35,428,sent,2026-05-28T13:15:36.774604,,,
35,429,sent,2026-05-28T13:17:40.619083,,,
35,430,sent,2026-05-28T13:19:43.381672,,,
35,431,sent,2026-05-28T13:21:46.459919,,,
35,432,sent,2026-05-28T13:23:49.510338,,,
35,433,sent,2026-05-28T13:25:52.073836,,,
35,434,sent,2026-05-28T13:27:54.834149,,,
35,435,skipped,,,,
35,436,sent,2026-05-28T13:31:00.825060,,,
35,437,sent,2026-05-28T13:33:03.567299,,,
35,438,sent,2026-05-28T13:35:10.259663,,,
35,439,skipped,,,,
35,440,skipped,,,,
35,441,sent,2026-05-28T13:40:12.327636,,,
35,442,skipped,,,,
35,443,skipped,,,,
35,444,sent,2026-05-28T13:44:16.587974,,,
35,445,sent,2026-05-28T13:46:19.213545,,,
35,446,sent,2026-05-28T13:48:21.716293,,,
35,447,sent,2026-05-28T13:50:24.449974,,,
35,448,skipped,,,,
35,449,sent,2026-05-28T13:53:26.959102,,,
35,450,sent,2026-05-28T13:55:29.704353,,,
35,451,sent,2026-05-28T13:57:32.188243,,,
35,452,sent,2026-05-28T13:59:34.873004,,,
35,453,sent,2026-05-28T14:01:38.255082,,,
35,454,sent,2026-05-28T14:03:40.734626,,,
35,455,sent,2026-05-28T14:05:48.078192,,,
35,456,sent,2026-05-28T14:07:50.740804,,,
35,457,sent,2026-05-28T14:09:53.614142,,,
35,458,sent,2026-05-28T14:11:56.221837,,,
35,459,skipped,,,,
35,460,sent,2026-05-28T14:15:00.365564,,,
35,461,sent,2026-05-28T14:17:02.907407,,,
35,462,skipped,,,,
35,463,sent,2026-05-28T14:20:05.344727,,,
35,464,sent,2026-05-28T14:22:08.049125,,,
35,465,sent,2026-05-28T14:24:10.330749,,,
35,466,sent,2026-05-28T14:26:12.932627,,,
35,467,sent,2026-05-28T14:28:15.225504,,,
35,468,skipped,,,,
35,469,sent,2026-05-28T14:31:19.807307,,,
35,470,sent,2026-05-28T14:33:21.979070,,,
35,471,sent,2026-05-28T14:35:24.130912,,,
35,472,sent,2026-05-28T14:37:25.960717,,,
35,473,sent,2026-05-28T14:39:27.833980,,,
35,474,skipped,,,,
35,475,sent,2026-05-28T14:43:23.061797,,,
35,476,sent,2026-05-28T14:45:25.149819,,,
35,477,sent,2026-05-28T14:47:27.318150,,,
35,478,skipped,,,,
35,479,sent,2026-05-28T14:50:30.758006,,,
35,480,sent,2026-05-28T14:52:32.979287,,,
35,481,sent,2026-05-28T14:54:35.062814,,,
35,482,sent,2026-05-28T14:56:37.411328,,,
35,483,sent,2026-05-28T14:58:39.395917,,,
35,484,sent,2026-05-28T15:00:41.257399,,,
35,485,sent,2026-05-28T15:02:43.323901,,,
35,486,sent,2026-05-28T15:04:45.715904,,,
35,487,sent,2026-05-28T15:06:47.943972,,,
35,488,sent,2026-05-28T15:08:50.328755,,,
35,489,skipped,,,,
35,490,sent,2026-05-28T15:11:52.876029,,,
35,491,skipped,,,,
35,492,sent,2026-05-28T15:14:56.503833,,,
35,493,sent,2026-05-28T15:16:58.549421,,,
35,494,sent,2026-05-28T15:19:00.654725,,,
35,495,sent,2026-05-28T15:21:02.757622,,,
35,496,skipped,,,,
35,497,sent,2026-05-28T15:24:04.930152,,,
35,498,sent,2026-05-28T15:26:08.102509,,,
35,499,sent,2026-05-28T15:28:10.081819,,,
35,500,sent,2026-05-28T15:30:12.511765,,,
35,501,skipped,,,,
35,502,skipped,,,,
35,503,sent,2026-05-28T15:34:16.183961,,,
35,504,sent,2026-05-28T15:36:19.861588,,,
35,505,sent,2026-05-28T15:38:22.474298,,,
35,506,sent,2026-05-28T15:40:24.564493,,,
35,507,sent,2026-05-28T15:42:46.425680,,,
35,508,sent,2026-05-28T15:44:48.465948,,,
35,509,sent,2026-05-28T15:46:50.366164,,,
35,510,skipped,,,,
35,511,sent,2026-05-28T15:49:54.141243,,,
35,512,skipped,,,,
35,513,sent,2026-05-28T15:52:56.578093,,,
35,514,sent,2026-05-28T15:54:58.797940,,,
35,515,sent,2026-05-28T15:57:01.522637,,,
35,516,skipped,,,,
35,517,sent,2026-05-28T16:00:05.117690,,,
35,518,sent,2026-05-28T16:02:07.117720,,,
35,519,sent,2026-05-28T16:04:09.022182,,,
35,520,skipped,,,,
35,521,sent,2026-05-28T16:07:11.078886,,,
35,522,skipped,,,,
35,523,skipped,,,,
35,524,sent,2026-05-28T16:11:14.187499,,,
35,525,sent,2026-05-28T16:13:16.216263,,,
36,254,pending,,,,
36,255,pending,,,,
37,526,pending,,,,
37,527,pending,,,,
37,528,pending,,,,
37,529,pending,,,,
38,1,pending,,,,
38,2,pending,,,,
38,3,pending,,,,
38,4,pending,,,,
38,5,pending,,,,
38,6,pending,,,,
38,7,pending,,,,
38,8,pending,,,,
38,9,pending,,,,
38,10,pending,,,,
38,11,pending,,,,
38,12,pending,,,,
38,13,pending,,,,
38,14,pending,,,,
38,15,pending,,,,
38,16,pending,,,,
38,17,pending,,,,
38,19,pending,,,,
38,20,pending,,,,
38,21,pending,,,,
38,22,pending,,,,
38,23,pending,,,,
38,24,pending,,,,
38,25,pending,,,,
38,26,pending,,,,
38,27,pending,,,,
38,28,pending,,,,
38,29,pending,,,,
39,2,pending,,,,
39,204,pending,,,,
39,205,pending,,,,
39,206,pending,,,,
39,207,pending,,,,
39,208,pending,,,,
39,209,pending,,,,
39,210,pending,,,,
39,211,pending,,,,
39,212,pending,,,,
39,213,pending,,,,
39,214,pending,,,,
39,215,pending,,,,
39,216,pending,,,,
39,217,pending,,,,
39,218,pending,,,,
39,219,pending,,,,
39,220,pending,,,,
39,221,pending,,,,
39,222,pending,,,,
39,223,pending,,,,
39,224,pending,,,,
39,225,pending,,,,
39,226,pending,,,,
39,227,pending,,,,
39,228,pending,,,,
39,229,pending,,,,
39,230,pending,,,,
39,231,pending,,,,
39,232,pending,,,,
39,234,pending,,,,
39,235,pending,,,,
39,236,pending,,,,
39,237,pending,,,,
39,238,pending,,,,
39,239,pending,,,,
39,240,pending,,,,
39,241,pending,,,,
39,242,pending,,,,
39,243,pending,,,,
39,244,pending,,,,
39,245,pending,,,,
39,246,pending,,,,
39,247,pending,,,,
39,248,pending,,,,
39,249,pending,,,,
39,250,pending,,,,
39,251,pending,,,,
39,252,pending,,,,
39,253,pending,,,,
40,412,pending,,,,
40,413,pending,,,,
40,414,pending,,,,
40,415,pending,,,,
40,416,pending,,,,
40,417,pending,,,,
40,418,pending,,,,
40,419,pending,,,,
40,420,pending,,,,
40,421,pending,,,,
40,422,pending,,,,
40,423,pending,,,,
40,424,pending,,,,
40,425,pending,,,,
40,426,pending,,,,
40,427,pending,,,,
40,428,pending,,,,
40,429,pending,,,,
40,430,pending,,,,
40,431,pending,,,,
40,432,pending,,,,
40,433,pending,,,,
40,434,pending,,,,
40,435,pending,,,,
40,436,pending,,,,
40,437,pending,,,,
40,438,pending,,,,
40,439,pending,,,,
40,440,pending,,,,
40,441,pending,,,,
40,442,pending,,,,
40,443,pending,,,,
40,444,pending,,,,
40,445,pending,,,,
40,446,pending,,,,
40,447,pending,,,,
40,448,pending,,,,
40,449,pending,,,,
40,450,pending,,,,
40,451,pending,,,,
40,452,pending,,,,
40,453,pending,,,,
40,454,pending,,,,
40,455,pending,,,,
40,456,pending,,,,
40,457,pending,,,,
40,458,pending,,,,
40,459,pending,,,,
40,460,pending,,,,
40,461,pending,,,,
40,462,pending,,,,
40,463,pending,,,,
40,464,pending,,,,
40,465,pending,,,,
40,466,pending,,,,
40,467,pending,,,,
40,468,pending,,,,
40,469,pending,,,,
40,470,pending,,,,
40,471,pending,,,,
40,472,pending,,,,
40,473,pending,,,,
40,474,pending,,,,
40,475,pending,,,,
40,476,pending,,,,
40,477,pending,,,,
40,478,pending,,,,
40,479,pending,,,,
40,480,pending,,,,
40,481,pending,,,,
40,482,pending,,,,
40,483,pending,,,,
40,484,pending,,,,
40,485,pending,,,,
40,486,pending,,,,
40,487,pending,,,,
40,488,pending,,,,
40,489,pending,,,,
40,490,pending,,,,
40,491,pending,,,,
40,492,pending,,,,
40,493,pending,,,,
40,494,pending,,,,
40,495,pending,,,,
40,496,pending,,,,
40,497,pending,,,,
40,498,pending,,,,
40,499,pending,,,,
40,500,pending,,,,
40,501,pending,,,,
40,502,pending,,,,
40,503,pending,,,,
40,504,pending,,,,
40,505,pending,,,,
40,506,pending,,,,
40,507,pending,,,,
40,508,pending,,,,
40,509,pending,,,,
40,510,pending,,,,
40,511,pending,,,,
40,512,pending,,,,
40,513,pending,,,,
40,514,pending,,,,
40,515,pending,,,,
40,516,pending,,,,
40,517,pending,,,,
40,518,pending,,,,
40,519,pending,,,,
40,520,pending,,,,
40,521,pending,,,,
40,522,pending,,,,
40,523,pending,,,,
40,524,pending,,,,
40,525,pending,,,,
41,1,skipped,,,,
41,2,sent,2026-06-01T13:08:17.557664,,,
41,3,sent,2026-06-01T13:09:19.141364,,,
41,4,sent,2026-06-01T13:10:23.280163,,,
41,5,sent,2026-06-01T13:11:24.949761,,,
41,6,sent,2026-06-01T13:12:26.717202,,,
41,7,sent,2026-06-01T13:13:27.582704,,,
41,8,sent,2026-06-01T13:36:41.443082,,,
41,9,sent,2026-06-01T13:37:47.406742,,,
41,10,sent,2026-06-01T13:38:48.190020,,,
41,11,sent,2026-06-01T13:39:49.544480,,,
41,12,sent,2026-06-01T13:40:50.374695,,,
41,13,sent,2026-06-01T13:41:51.855809,,,
41,14,sent,2026-06-01T13:42:52.636213,,,
41,15,sent,2026-06-01T13:43:54.010863,,,
41,16,sent,2026-06-01T13:44:54.774426,,,
41,17,sent,2026-06-01T13:45:56.138161,,,
41,19,sent,2026-06-01T13:46:57.013842,,,
41,20,sent,2026-06-01T13:47:58.535642,,,
41,21,sent,2026-06-01T13:48:59.352347,,,
41,22,sent,2026-06-01T13:50:00.781936,,,
41,23,sent,2026-06-01T13:51:01.451800,,,
41,24,skipped,,,,
41,25,sent,2026-06-01T13:53:03.143590,,,
41,26,sent,2026-06-01T13:54:04.482240,,,
41,27,sent,2026-06-01T13:55:07.535677,,,
41,28,sent,2026-06-01T13:56:08.898502,,,
41,29,sent,2026-06-01T13:57:09.660121,,,
42,1,pending,,,,
42,2,pending,,,,
42,3,pending,,,,
42,4,pending,,,,
42,5,pending,,,,
42,6,pending,,,,
42,7,pending,,,,
42,8,pending,,,,
42,9,pending,,,,
42,10,pending,,,,
42,11,pending,,,,
42,12,pending,,,,
42,13,pending,,,,
42,14,pending,,,,
42,15,pending,,,,
42,16,pending,,,,
42,17,pending,,,,
42,19,pending,,,,
42,20,pending,,,,
42,21,pending,,,,
42,22,pending,,,,
42,23,pending,,,,
42,24,pending,,,,
42,25,pending,,,,
42,26,pending,,,,
42,27,pending,,,,
42,28,pending,,,,
42,29,pending,,,,
43,1,pending,,,,
43,2,pending,,,,
43,3,pending,,,,
43,4,pending,,,,
43,5,pending,,,,
43,6,pending,,,,
43,7,pending,,,,
43,8,pending,,,,
43,9,pending,,,,
43,10,pending,,,,
43,11,pending,,,,
43,12,pending,,,,
43,13,pending,,,,
43,14,pending,,,,
43,15,pending,,,,
43,16,pending,,,,
43,17,pending,,,,
43,19,pending,,,,
43,20,pending,,,,
43,21,pending,,,,
43,22,pending,,,,
43,23,pending,,,,
43,24,pending,,,,
43,25,pending,,,,
43,26,pending,,,,
43,27,pending,,,,
43,28,pending,,,,
43,29,pending,,,,
44,1,pending,,,,
44,2,pending,,,,
44,3,pending,,,,
44,4,pending,,,,
44,5,pending,,,,
44,6,pending,,,,
44,7,pending,,,,
44,8,pending,,,,
44,9,pending,,,,
44,10,pending,,,,
44,11,pending,,,,
44,12,pending,,,,
44,13,pending,,,,
44,14,pending,,,,
44,15,pending,,,,
44,16,pending,,,,
44,17,pending,,,,
44,19,pending,,,,
44,20,pending,,,,
44,21,pending,,,,
44,22,pending,,,,
44,23,pending,,,,
44,24,pending,,,,
44,25,pending,,,,
44,26,pending,,,,
44,27,pending,,,,
44,28,pending,,,,
44,29,pending,,,,
45,254,pending,,,,
45,255,pending,,,,
46,254,pending,,,,
46,255,pending,,,,
47,2,pending,,,,
47,204,pending,,,,
47,205,pending,,,,
47,206,pending,,,,
47,207,pending,,,,
47,208,pending,,,,
47,209,pending,,,,
47,210,pending,,,,
47,211,pending,,,,
47,212,pending,,,,
47,213,pending,,,,
47,214,pending,,,,
47,215,pending,,,,
47,216,pending,,,,
47,217,pending,,,,
47,218,pending,,,,
47,219,pending,,,,
47,220,pending,,,,
47,221,pending,,,,
47,222,pending,,,,
47,223,pending,,,,
47,224,pending,,,,
47,225,pending,,,,
47,226,pending,,,,
47,227,pending,,,,
47,228,pending,,,,
47,229,pending,,,,
47,230,pending,,,,
47,231,pending,,,,
47,232,pending,,,,
47,234,pending,,,,
47,235,pending,,,,
47,236,pending,,,,
47,237,pending,,,,
47,238,pending,,,,
47,239,pending,,,,
47,240,pending,,,,
47,241,pending,,,,
47,242,pending,,,,
47,243,pending,,,,
47,244,pending,,,,
47,245,pending,,,,
47,246,pending,,,,
47,247,pending,,,,
47,248,pending,,,,
47,249,pending,,,,
47,250,pending,,,,
47,251,pending,,,,
47,252,pending,,,,
47,253,pending,,,,
48,2,pending,,,,
48,204,pending,,,,
48,205,pending,,,,
48,206,pending,,,,
48,207,pending,,,,
48,208,pending,,,,
48,209,pending,,,,
48,210,pending,,,,
48,211,pending,,,,
48,212,pending,,,,
48,213,pending,,,,
48,214,pending,,,,
48,215,pending,,,,
48,216,pending,,,,
48,217,pending,,,,
48,218,pending,,,,
48,219,pending,,,,
48,220,pending,,,,
48,221,pending,,,,
48,222,pending,,,,
48,223,pending,,,,
48,224,pending,,,,
48,225,pending,,,,
48,226,pending,,,,
48,227,pending,,,,
48,228,pending,,,,
48,229,pending,,,,
48,230,pending,,,,
48,231,pending,,,,
48,232,pending,,,,
48,234,pending,,,,
48,235,pending,,,,
48,236,pending,,,,
48,237,pending,,,,
48,238,pending,,,,
48,239,pending,,,,
48,240,pending,,,,
48,241,pending,,,,
48,242,pending,,,,
48,243,pending,,,,
48,244,pending,,,,
48,245,pending,,,,
48,246,pending,,,,
48,247,pending,,,,
48,248,pending,,,,
48,249,pending,,,,
48,250,pending,,,,
48,251,pending,,,,
48,252,pending,,,,
48,253,pending,,,,
49,526,sent,2026-06-01T13:07:15.399528,,,
49,527,sent,2026-06-01T13:08:17.557664,,,
49,528,sent,2026-06-01T13:09:19.141364,,,
49,529,sent,2026-06-01T13:10:23.280163,,,
50,412,pending,,,,
50,413,pending,,,,
50,414,pending,,,,
50,415,pending,,,,
50,416,pending,,,,
50,417,pending,,,,
50,418,pending,,,,
50,419,pending,,,,
50,420,pending,,,,
50,421,pending,,,,
50,422,pending,,,,
50,423,pending,,,,
50,424,pending,,,,
50,425,pending,,,,
50,426,pending,,,,
50,427,pending,,,,
50,428,pending,,,,
50,429,pending,,,,
50,430,pending,,,,
50,431,pending,,,,
50,432,pending,,,,
50,433,pending,,,,
50,434,pending,,,,
50,435,pending,,,,
50,436,pending,,,,
50,437,pending,,,,
50,438,pending,,,,
50,439,pending,,,,
50,440,pending,,,,
50,441,pending,,,,
50,442,pending,,,,
50,443,pending,,,,
50,444,pending,,,,
50,445,pending,,,,
50,446,pending,,,,
50,447,pending,,,,
50,448,pending,,,,
50,449,pending,,,,
50,450,pending,,,,
50,451,pending,,,,
50,452,pending,,,,
50,453,pending,,,,
50,454,pending,,,,
50,455,pending,,,,
50,456,pending,,,,
50,457,pending,,,,
50,458,pending,,,,
50,459,pending,,,,
50,460,pending,,,,
50,461,pending,,,,
50,462,pending,,,,
50,463,pending,,,,
50,464,pending,,,,
50,465,pending,,,,
50,466,pending,,,,
50,467,pending,,,,
50,468,pending,,,,
50,469,pending,,,,
50,470,pending,,,,
50,471,pending,,,,
50,472,pending,,,,
50,473,pending,,,,
50,474,pending,,,,
50,475,pending,,,,
50,476,pending,,,,
50,477,pending,,,,
50,478,pending,,,,
50,479,pending,,,,
50,480,pending,,,,
50,481,pending,,,,
50,482,pending,,,,
50,483,pending,,,,
50,484,pending,,,,
50,485,pending,,,,
50,486,pending,,,,
50,487,pending,,,,
50,488,pending,,,,
50,489,pending,,,,
50,490,pending,,,,
50,491,pending,,,,
50,492,pending,,,,
50,493,pending,,,,
50,494,pending,,,,
50,495,pending,,,,
50,496,pending,,,,
50,497,pending,,,,
50,498,pending,,,,
50,499,pending,,,,
50,500,pending,,,,
50,501,pending,,,,
50,502,pending,,,,
50,503,pending,,,,
50,504,pending,,,,
50,505,pending,,,,
50,506,pending,,,,
50,507,pending,,,,
50,508,pending,,,,
50,509,pending,,,,
50,510,pending,,,,
50,511,pending,,,,
50,512,pending,,,,
50,513,pending,,,,
50,514,pending,,,,
50,515,pending,,,,
50,516,pending,,,,
50,517,pending,,,,
50,518,pending,,,,
50,519,pending,,,,
50,520,pending,,,,
50,521,pending,,,,
50,522,pending,,,,
50,523,pending,,,,
50,524,pending,,,,
50,525,pending,,,,
51,28,sent,2026-06-01T13:07:15.399528,,,
51,29,sent,2026-06-01T13:09:19.141364,,,
51,530,sent,2026-06-01T13:11:24.949761,,,
51,531,sent,2026-06-01T13:13:27.582704,,,
51,532,sent,2026-06-01T13:36:41.443082,,,
51,533,sent,2026-06-01T13:38:48.190020,,,
51,534,sent,2026-06-01T13:40:50.374695,,,
51,535,sent,2026-06-01T13:42:52.636213,,,
51,536,sent,2026-06-01T13:44:54.774426,,,
51,537,sent,2026-06-01T13:46:57.013842,,,
51,538,sent,2026-06-01T13:48:59.352347,,,
51,539,sent,2026-06-01T13:51:01.451800,,,
51,540,sent,2026-06-01T13:53:03.143590,,,
51,541,sent,2026-06-01T13:55:07.535677,,,
51,542,sent,2026-06-01T13:57:09.660121,,,
51,543,sent,2026-06-01T13:59:11.499231,,,
51,544,sent,2026-06-01T14:01:12.231464,,,
51,545,sent,2026-06-01T14:03:13.759829,,,
51,546,sent,2026-06-01T14:05:14.470644,,,
51,547,sent,2026-06-01T14:07:39.555929,,,
51,548,sent,2026-06-01T14:09:40.755338,,,
51,549,sent,2026-06-01T14:11:41.538562,,,
51,550,sent,2026-06-01T14:13:42.585700,,,
51,551,sent,2026-06-01T14:15:43.296623,,,
51,552,sent,2026-06-01T14:17:43.888857,,,
51,553,sent,2026-06-01T14:19:48.887032,,,
51,554,sent,2026-06-01T14:21:50.295711,,,
51,555,sent,2026-06-01T14:24:25.081821,,,
51,556,sent,2026-06-01T14:26:43.324258,,,
51,557,sent,2026-06-01T14:28:44.540403,,,
51,558,sent,2026-06-01T14:31:17.897749,,,
51,559,sent,2026-06-01T14:33:19.994369,,,
51,560,sent,2026-06-01T14:35:21.485093,,,
51,561,sent,2026-06-01T14:37:22.268321,,,
51,562,sent,2026-06-01T14:39:22.832014,,,
51,563,sent,2026-06-01T14:41:23.965525,,,
51,564,sent,2026-06-01T14:43:24.741182,,,
51,565,sent,2026-06-01T14:45:25.585088,,,
51,566,sent,2026-06-01T14:47:26.365394,,,
51,567,sent,2026-06-01T14:49:27.059770,,,
51,568,sent,2026-06-01T14:51:27.792302,,,
51,569,sent,2026-06-01T14:53:28.411164,,,
51,570,sent,2026-06-01T14:55:29.362285,,,
51,571,sent,2026-06-01T14:57:30.053043,,,
51,572,sent,2026-06-01T14:59:33.223230,,,
51,573,sent,2026-06-01T15:01:34.037827,,,
51,574,sent,2026-06-01T15:03:34.835915,,,
51,575,sent,2026-06-01T15:05:35.534002,,,
51,576,sent,2026-06-01T15:07:36.428970,,,
51,577,sent,2026-06-01T15:10:19.782592,,,
51,578,sent,2026-06-01T15:12:20.940243,,,
51,579,sent,2026-06-01T15:14:21.645053,,,
51,580,sent,2026-06-01T15:16:22.596402,,,
51,581,sent,2026-06-01T15:18:24.178452,,,
51,582,sent,2026-06-01T15:20:24.872405,,,
51,583,sent,2026-06-01T15:22:25.677478,,,
51,584,sent,2026-06-01T15:24:26.450246,,,
51,585,sent,2026-06-01T15:26:27.679261,,,
51,586,sent,2026-06-01T15:28:28.645362,,,
51,587,sent,2026-06-01T15:30:29.433010,,,
51,588,sent,2026-06-01T15:32:30.203763,,,
51,589,sent,2026-06-01T15:34:31.582883,,,
51,590,sent,2026-06-01T15:36:32.486683,,,
51,591,sent,2026-06-01T15:38:33.241619,,,
51,592,sent,2026-06-01T15:40:34.157542,,,
51,593,sent,2026-06-01T15:42:35.291361,,,
51,594,sent,2026-06-01T15:44:36.036428,,,
51,595,sent,2026-06-01T15:46:36.810029,,,
51,596,sent,2026-06-01T15:48:37.521843,,,
51,597,sent,2026-06-01T15:50:38.210597,,,
51,598,sent,2026-06-01T15:52:38.953626,,,
51,599,sent,2026-06-01T15:54:39.628417,,,
51,600,sent,2026-06-01T15:56:40.677565,,,
51,601,sent,2026-06-01T15:58:43.847287,,,
51,602,sent,2026-06-01T16:00:44.796829,,,
51,603,sent,2026-06-01T16:02:50.445448,,,
51,604,sent,2026-06-01T16:04:51.231662,,,
51,605,sent,2026-06-01T16:06:52.265508,,,
51,606,sent,2026-06-01T16:08:53.276947,,,
51,607,sent,2026-06-01T16:11:45.583503,,,
51,608,sent,2026-06-01T16:13:46.674078,,,
51,610,sent,2026-06-01T16:15:47.742722,,,
51,611,sent,2026-06-01T16:17:48.903017,,,
51,612,sent,2026-06-01T16:19:50.160783,,,
51,613,sent,2026-06-01T16:21:50.965074,,,
51,614,sent,2026-06-01T16:23:51.557124,,,
51,615,sent,2026-06-01T16:25:52.634935,,,
51,616,sent,2026-06-01T16:27:53.651829,,,
51,617,sent,2026-06-01T16:29:54.472206,,,
51,618,sent,2026-06-01T16:31:55.075868,,,
51,619,sent,2026-06-01T16:33:55.693300,,,
51,620,sent,2026-06-01T16:35:56.348915,,,
51,621,sent,2026-06-01T16:37:57.031319,,,
51,622,sent,2026-06-01T16:39:58.018044,,,
51,623,sent,2026-06-01T16:41:59.020274,,,
51,624,sent,2026-06-01T16:44:00.238893,,,
51,625,sent,2026-06-01T16:46:00.816911,,,
51,626,sent,2026-06-01T16:48:01.684502,,,
51,627,sent,2026-06-01T16:50:02.393705,,,
51,628,sent,2026-06-01T16:52:03.209788,,,
51,629,sent,2026-06-01T16:54:03.926349,,,
51,630,sent,2026-06-01T16:56:04.571153,,,
51,631,sent,2026-06-01T16:58:06.063124,,,
51,632,sent,2026-06-01T17:00:06.707045,,,
51,633,sent,2026-06-01T17:02:07.940112,,,
51,634,sent,2026-06-01T17:04:09.417637,,,
51,635,sent,2026-06-01T17:06:10.039540,,,
51,636,sent,2026-06-01T17:08:10.706964,,,
51,637,sent,2026-06-01T17:10:11.293970,,,
51,638,sent,2026-06-01T17:12:23.265314,,,
51,640,sent,2026-06-01T17:14:24.187840,,,
51,641,sent,2026-06-01T17:16:24.753092,,,
51,642,sent,2026-06-01T17:18:25.351294,,,
51,643,sent,2026-06-01T17:20:25.902844,,,
51,644,sent,2026-06-01T17:22:26.498849,,,
51,645,sent,2026-06-01T17:24:27.118537,,,
51,646,sent,2026-06-01T17:26:27.795379,,,
51,647,sent,2026-06-01T17:28:28.846366,,,
51,648,sent,2026-06-01T17:30:29.570706,,,
51,649,sent,2026-06-01T17:32:30.232167,,,
51,650,sent,2026-06-01T17:34:30.923163,,,
51,651,sent,2026-06-01T17:36:31.581209,,,
51,652,sent,2026-06-01T17:38:32.216552,,,
51,653,sent,2026-06-01T17:40:33.036309,,,
51,654,pending,,,,
51,655,pending,,,,
51,656,pending,,,,
51,657,pending,,,,
51,658,pending,,,,
51,659,pending,,,,
51,660,pending,,,,
51,661,pending,,,,
51,662,pending,,,,
51,663,pending,,,,
51,664,pending,,,,
51,665,pending,,,,
51,666,pending,,,,
51,667,pending,,,,
51,668,pending,,,,
51,669,pending,,,,
51,670,pending,,,,
51,671,pending,,,,
51,672,pending,,,,
51,673,pending,,,,
51,674,pending,,,,
51,675,pending,,,,
51,676,pending,,,,
51,677,pending,,,,
51,678,pending,,,,
51,679,pending,,,,
52,680,pending,,,,
52,681,pending,,,,
52,682,pending,,,,
52,683,pending,,,,
52,684,pending,,,,
52,685,pending,,,,
52,686,pending,,,,
52,687,pending,,,,
52,688,pending,,,,
52,689,pending,,,,
52,690,pending,,,,
52,691,pending,,,,
52,692,pending,,,,
52,693,pending,,,,
52,694,pending,,,,
52,695,pending,,,,
52,696,pending,,,,
52,697,pending,,,,
52,698,pending,,,,
52,699,pending,,,,
52,700,pending,,,,
52,701,pending,,,,
52,702,pending,,,,
52,703,pending,,,,
52,704,pending,,,,
52,705,pending,,,,
52,706,pending,,,,
52,707,pending,,,,
52,708,pending,,,,
52,709,pending,,,,
52,710,pending,,,,
52,711,pending,,,,
52,712,pending,,,,
52,713,pending,,,,
52,714,pending,,,,
52,715,pending,,,,
52,716,pending,,,,
52,717,pending,,,,
52,718,pending,,,,
52,719,pending,,,,
52,720,pending,,,,
52,721,pending,,,,
52,722,pending,,,,
52,723,pending,,,,
52,724,pending,,,,
52,725,pending,,,,
52,726,pending,,,,
52,727,pending,,,,
52,728,pending,,,,
52,729,pending,,,,
52,730,pending,,,,
52,731,pending,,,,
52,732,pending,,,,
52,733,pending,,,,
52,734,pending,,,,
52,735,pending,,,,
52,736,pending,,,,
52,737,pending,,,,
52,738,pending,,,,
52,739,pending,,,,
52,740,pending,,,,
52,741,pending,,,,
52,742,pending,,,,
52,743,pending,,,,
52,744,pending,,,,
52,745,pending,,,,
52,746,pending,,,,
52,747,pending,,,,
52,748,pending,,,,
52,749,pending,,,,
52,750,pending,,,,
52,751,pending,,,,
52,752,pending,,,,
52,753,pending,,,,
52,754,pending,,,,
52,755,pending,,,,
52,756,pending,,,,
52,757,pending,,,,
52,758,pending,,,,
52,759,pending,,,,
52,760,pending,,,,
52,761,pending,,,,
52,762,pending,,,,
52,763,pending,,,,
52,764,pending,,,,
52,765,pending,,,,
52,766,pending,,,,
52,767,pending,,,,
52,768,pending,,,,
52,769,pending,,,,
52,770,pending,,,,
52,771,pending,,,,
52,772,pending,,,,
52,773,pending,,,,
52,774,pending,,,,
52,775,pending,,,,
52,776,pending,,,,
52,777,pending,,,,
52,778,pending,,,,
52,779,pending,,,,
52,780,pending,,,,
52,781,pending,,,,
52,782,pending,,,,
52,783,pending,,,,
52,784,pending,,,,
52,785,pending,,,,
52,786,pending,,,,
52,787,pending,,,,
52,788,pending,,,,
52,789,pending,,,,
52,790,pending,,,,
52,791,pending,,,,
52,792,pending,,,,
52,793,pending,,,,
52,794,pending,,,,
52,795,pending,,,,
52,796,pending,,,,
52,797,pending,,,,
52,798,pending,,,,
52,799,pending,,,,
52,800,pending,,,,
52,801,pending,,,,
52,802,pending,,,,
52,803,pending,,,,
52,804,pending,,,,
52,805,pending,,,,
52,806,pending,,,,
52,807,pending,,,,
52,808,pending,,,,
52,809,pending,,,,
52,810,pending,,,,
52,811,pending,,,,
52,812,pending,,,,
52,813,pending,,,,
52,814,pending,,,,
52,815,pending,,,,
52,816,pending,,,,
52,817,pending,,,,
52,818,pending,,,,
52,819,pending,,,,
52,820,pending,,,,
52,821,pending,,,,
52,822,pending,,,,
52,823,pending,,,,
52,824,pending,,,,
52,825,pending,,,,
52,826,pending,,,,
52,827,pending,,,,
52,828,pending,,,,
52,829,pending,,,,
53,254,sent,2026-06-01T13:07:15.399528,,,
53,255,sent,2026-06-01T13:09:19.141364,,,
54,526,pending,,,,
54,527,pending,,,,
54,528,pending,,,,
54,529,pending,,,,
55,1,pending,,,,
55,2,pending,,,,
55,3,pending,,,,
55,4,pending,,,,
55,5,pending,,,,
55,6,pending,,,,
55,7,pending,,,,
55,8,pending,,,,
55,9,pending,,,,
55,10,pending,,,,
55,11,pending,,,,
55,12,pending,,,,
55,13,pending,,,,
55,14,pending,,,,
55,15,pending,,,,
55,16,pending,,,,
55,17,pending,,,,
55,19,pending,,,,
55,20,pending,,,,
55,21,pending,,,,
55,22,pending,,,,
55,23,pending,,,,
55,24,pending,,,,
55,25,pending,,,,
55,26,pending,,,,
55,27,pending,,,,
55,28,pending,,,,
55,29,pending,,,,
